index,status
1001,None
1002,None
1003,None
1004,None
1005,None
1006,None
1007,None
1008,None
1009,A
1010,None
1011,None
1012,None
1013,None
1014,None
1015,None
1016,None
1017,None
1018,A
1019,None
1020,None
1021,A
1022,None
1023,None
1024,B
1025,None
1026,None
1027,A
1028,None
1029,None
1030,None
1031,A
1032,A
1033,None
1034,None
1035,None
1036,None
1037,None
1038,None
1039,None
1040,None
1041,None
1042,A
1043,None
1044,None
1045,A
1046,A
1047,None
1048,None
1049,None
1050,None
1051,None
1052,None
1053,None
1054,None
1055,None
1056,None
1057,None
1058,None
1059,None
1060,None
1061,None
1062,A
1063,A
1064,None
1065,B
1066,None
1067,None
1068,None
1069,None
1070,None
1071,None
1072,A
1073,None
1074,None
1075,None
1076,None
1077,None
1078,A
1079,None
1080,A
1081,None
1082,None
1083,A
1084,None
1085,None
1086,None
1087,None
1088,None
1089,None
1090,None
1091,None
1092,None
1093,None
1094,None
1095,A
1096,None
1097,None
1098,None
1099,None
1100,None
1101,None
1102,None
1103,None
1104,None
1105,A
1106,None
1107,None
1108,None
1109,None
1110,None
1111,None
1112,None
1113,None
1114,None
1115,None
1116,None
1117,None
1118,None
1119,None
1120,None
1121,None
1122,None
1123,None
1124,None
1125,None
1126,None
1127,None
1128,None
1129,A
1130,None
1131,None
1132,A
1133,None
1134,None
1135,None
1136,None
1137,A
1138,A
1139,None
1140,A
1141,None
1142,None
1143,None
1144,None
1145,None
1146,None
1147,None
1148,None
1149,A
1150,None
1151,None
1152,None
1153,A
1154,A
1155,None
1156,None
1157,None
1158,None
1159,None
1160,None
1161,None
1162,None
1163,None
1164,None
1165,None
1166,None
1167,None
1168,None
1169,None
1170,None
1171,B
1172,None
1173,None
1174,None
1175,None
1176,A
1177,A
1178,None
1179,None
1180,None
1181,None
1182,A
1183,None
1184,None
1185,A
1186,None
1187,None
1188,None
1189,None
1190,None
1191,None
1192,None
1193,None
1194,None
1195,None
1196,None
1197,None
1198,None
1199,None
1200,None
1201,None
1202,None
1203,A
1204,None
1205,None
1206,None
1207,A
1208,None
1209,None
1210,None
1211,None
1212,None
1213,None
1214,None
1215,None
1216,None
1217,None
1218,A
1219,None
1220,None
1221,None
1222,None
1223,None
1224,A
1225,A
1226,None
1227,A
1228,None
1229,A
1230,None
1231,A
1232,A
1233,A
1234,None
1235,None
1236,None
1237,None
1238,A
1239,None
1240,None
1241,None
1242,None
1243,None
1244,None
1245,None
1246,None
1247,None
1248,None
1249,None
1250,None
1251,None
1252,None
1253,A
1254,None
1255,None
1256,None
1257,None
1258,A
1259,None
1260,None
1261,A
1262,None
1263,A
1264,None
1265,None
1266,None
1267,None
1268,None
1269,None
1270,None
1271,None
1272,None
1273,None
1274,A
1275,A
1276,A
1277,None
1278,None
1279,None
1280,None
1281,None
1282,None
1283,None
1284,None
1285,None
1286,A
1287,None
1288,None
1289,None
1290,A
1291,A
1292,None
1293,A
1294,None
1295,None
1296,None
1297,A
1298,None
1299,None
1300,None
1301,A
1302,None
1303,A
1304,A
1305,None
1306,None
1307,None
1308,None
1309,None
1310,None
1311,None
1312,None
1313,None
1314,None
1315,None
1316,None
1317,None
1318,None
1319,None
1320,None
1321,None
1322,A
1323,None
1324,None
1325,None
1326,None
1327,A
1328,None
1329,None
1330,None
1331,None
1332,None
1333,None
1334,None
1335,A
1336,None
1337,None
1338,A
1339,None
1340,None
1341,None
1342,None
1343,None
1344,A
1345,None
1346,None
1347,None
1348,None
1349,A
1350,None
1351,None
1352,None
1353,A
1354,None
1355,None
1356,None
1357,None
1358,A
1359,None
1360,A
1361,None
1362,None
1363,None
1364,None
1365,None
1366,None
1367,A
1368,A
1369,None
1370,None
1371,None
1372,None
1373,A
1374,None
1375,None
1376,None
1377,None
1378,None
1379,None
1380,None
1381,None
1382,None
1383,None
1384,B
1385,None
1386,A
1387,None
1388,None
1389,None
1390,None
1391,None
1392,A
1393,None
1394,None
1395,None
1396,None
1397,None
1398,None
1399,A
1400,None
1401,A
1402,None
1403,None
1404,None
1405,None
1406,None
1407,None
1408,A
1409,None
1410,None
1411,None
1412,None
1413,None
1414,None
1415,None
1416,None
1417,None
1418,A
1419,None
1420,A
1421,None
1422,A
1423,None
1424,A
1425,None
1426,None
1427,None
1428,None
1429,None
1430,None
1431,None
1432,None
1433,None
1434,None
1435,None
1436,None
1437,A
1438,None
1439,None
1440,None
1441,None
1442,None
1443,None
1444,None
1445,None
1446,None
1447,None
1448,None
1449,None
1450,None
1451,None
1452,None
1453,None
1454,None
1455,None
1456,None
1457,None
1458,None
1459,None
1460,A
1461,None
1462,A
1463,None
1464,None
1465,None
1466,None
1467,None
1468,None
1469,None
1470,None
1471,None
1472,None
1473,None
1474,None
1475,None
1476,A
1477,None
1478,None
1479,A
1480,None
1481,None
1482,None
1483,None
1484,None
1485,None
1486,None
1487,A
1488,None
1489,None
1490,None
1491,None
1492,None
1493,None
1494,None
1495,None
1496,None
1497,None
1498,None
1499,None
1500,A
1501,None
1502,None
1503,None
1504,A
1505,None
1506,A
1507,None
1508,None
1509,None
1510,None
1511,None
1512,None
1513,A
1514,None
1515,None
1516,None
1517,None
1518,None
1519,None
1520,None
1521,A
1522,None
1523,None
1524,None
1525,None
1526,None
1527,None
1528,None
1529,None
1530,None
1531,None
1532,None
1533,None
1534,None
1535,A
1536,A
1537,None
1538,A
1539,A
1540,None
1541,None
1542,A
1543,None
1544,None
1545,None
1546,None
1547,None
1548,None
1549,None
1550,None
1551,None
1552,None
1553,None
1554,None
1555,None
1556,None
1557,None
1558,None
1559,None
1560,None
1561,None
1562,None
1563,None
1564,None
1565,None
1566,None
1567,None
1568,None
1569,None
1570,None
1571,None
1572,None
1573,None
1574,None
1575,None
1576,None
1577,None
1578,None
1579,A
1580,A
1581,A
1582,B
1583,A
1584,None
1585,None
1586,None
1587,None
1588,None
1589,None
1590,None
1591,None
1592,None
1593,A
1594,A
1595,None
1596,None
1597,None
1598,None
1599,None
1600,None
1601,None
1602,B
1603,None
1604,None
1605,None
1606,None
1607,None
1608,None
1609,None
1610,None
1611,None
1612,None
1613,A
1614,None
1615,None
1616,None
1617,None
1618,None
1619,None
1620,None
1621,None
1622,None
1623,A
1624,None
1625,None
1626,A
1627,None
1628,A
1629,None
1630,A
1631,None
1632,None
1633,A
1634,None
1635,A
1636,None
1637,None
1638,None
1639,None
1640,None
1641,None
1642,None
1643,A
1644,A
1645,None
1646,None
1647,None
1648,None
1649,None
1650,None
1651,None
1652,A
1653,A
1654,None
1655,None
1656,None
1657,None
1658,None
1659,None
1660,A
1661,None
1662,None
1663,None
1664,None
1665,None
1666,None
1667,None
1668,None
1669,A
1670,A
1671,None
1672,None
1673,None
1674,None
1675,None
1676,A
1677,None
1678,None
1679,A
1680,None
1681,None
1682,None
1683,None
1684,None
1685,None
1686,None
1687,None
1688,None
1689,A
1690,None
1691,None
1692,None
1693,A
1694,None
1695,None
1696,None
1697,None
1698,None
1699,None
1700,None
1701,B
1702,None
1703,A
1704,None
1705,A
1706,None
1707,None
1708,None
1709,None
1710,None
1711,None
1712,None
1713,None
1714,None
1715,None
1716,None
1717,A
1718,None
1719,None
1720,None
1721,None
1722,None
1723,None
1724,None
1725,None
1726,None
1727,None
1728,None
1729,None
1730,None
1731,None
1732,None
1733,None
1734,None
1735,None
1736,None
1737,None
1738,None
1739,None
1740,None
1741,None
1742,None
1743,None
1744,A
1745,None
1746,None
1747,None
1748,None
1749,A
1750,None
1751,None
1752,A
1753,None
1754,None
1755,None
1756,None
1757,None
1758,A
1759,None
1760,None
1761,None
1762,A
1763,None
1764,None
1765,None
1766,None
1767,None
1768,None
1769,A
1770,A
1771,None
1772,None
1773,None
1774,None
1775,None
1776,None
1777,None
1778,None
1779,None
1780,None
1781,None
1782,None
1783,None
1784,None
1785,None
1786,B
1787,None
1788,None
1789,None
1790,None
1791,None
1792,None
1793,None
1794,None
1795,None
1796,A
1797,None
1798,None
1799,A
1800,None
1801,None
1802,None
1803,A
1804,None
1805,None
1806,None
1807,None
1808,None
1809,None
1810,None
1811,None
1812,None
1813,None
1814,None
1815,None
1816,None
1817,None
1818,None
1819,A
1820,A
1821,None
1822,None
1823,None
1824,None
1825,None
1826,None
1827,None
1828,None
1829,None
1830,None
1831,None
1832,None
1833,None
1834,None
1835,None
1836,None
1837,None
1838,None
1839,None
1840,None
1841,None
1842,None
1843,None
1844,A
1845,A
1846,None
1847,None
1848,None
1849,None
1850,None
1851,None
1852,None
1853,None
1854,None
1855,None
1856,None
1857,None
1858,None
1859,A
1860,None
1861,None
1862,None
1863,None
1864,None
1865,A
1866,A
1867,A
1868,None
1869,None
1870,A
1871,None
1872,None
1873,None
1874,A
1875,None
1876,None
1877,None
1878,A
1879,None
1880,None
1881,None
1882,None
1883,None
1884,None
1885,None
1886,None
1887,None
1888,None
1889,None
1890,A
1891,None
1892,A
1893,None
1894,None
1895,None
1896,None
1897,None
1898,A
1899,None
1900,A
1901,None
1902,A
1903,A
1904,None
1905,A
1906,A
1907,None
1908,None
1909,None
1910,None
1911,None
1912,None
1913,None
1914,None
1915,None
1916,None
1917,None
1918,None
1919,A
1920,None
1921,None
1922,None
1923,None
1924,None
1925,None
1926,None
1927,None
1928,None
1929,None
1930,None
1931,None
1932,None
1933,None
1934,None
1935,None
1936,A
1937,A
1938,None
1939,None
1940,None
1941,A
1942,None
1943,None
1944,A
1945,None
1946,None
1947,None
1948,A
1949,None
1950,A
1951,A
1952,None
1953,A
1954,None
1955,None
1956,None
1957,None
1958,None
1959,A
1960,None
1961,None
1962,None
1963,None
1964,A
1965,A
1966,None
1967,None
1968,None
1969,None
1970,None
1971,A
1972,None
1973,None
1974,A
1975,None
1976,None
1977,None
1978,None
1979,A
1980,A
1981,None
1982,A
1983,A
1984,None
1985,None
1986,A
1987,None
1988,None
1989,None
1990,A
1991,None
1992,A
1993,A
1994,None
1995,None
1996,None
1997,None
1998,None
1999,None
2000,A
2001,None
2002,A
2003,None
2004,None
2005,None
2006,None
2007,None
2008,None
2009,None
2010,None
2011,A
2012,None
2013,None
2014,None
2015,None
2016,None
2017,None
2018,None
2019,None
2020,None
2021,None
2022,None
2023,None
2024,A
2025,A
2026,None
2027,A
2028,None
2029,None
2030,None
2031,A
2032,None
2033,None
2034,None
2035,None
2036,None
2037,None
2038,None
2039,None
2040,None
2041,None
2042,None
2043,A
2044,None
2045,A
2046,None
2047,A
2048,None
2049,None
2050,None
2051,None
2052,None
2053,None
2054,None
2055,None
2056,None
2057,None
2058,None
2059,None
2060,A
2061,None
2062,A
2063,None
2064,None
2065,None
2066,None
2067,None
2068,None
2069,None
2070,None
2071,None
2072,None
2073,None
2074,None
2075,None
2076,None
2077,A
2078,A
2079,None
2080,None
2081,None
2082,None
2083,None
2084,None
2085,A
2086,None
2087,None
2088,None
2089,A
2090,None
2091,None
2092,None
2093,None
2094,None
2095,A
2096,None
2097,None
2098,None
2099,None
2100,A
2101,None
2102,A
2103,None
2104,None
2105,None
2106,None
2107,A
2108,A
2109,None
2110,None
2111,None
2112,None
2113,None
2114,None
2115,None
2116,None
2117,None
2118,None
2119,A
2120,None
2121,None
2122,None
2123,None
2124,None
2125,None
2126,None
2127,None
2128,None
2129,None
2130,None
2131,None
2132,None
2133,None
2134,None
2135,None
2136,A
2137,None
2138,A
2139,None
2140,None
2141,None
2142,A
2143,None
2144,None
2145,None
2146,None
2147,None
2148,None
2149,None
2150,None
2151,None
2152,None
2153,A
2154,None
2155,None
2156,None
2157,A
2158,None
2159,None
2160,None
2161,A
2162,None
2163,None
2164,None
2165,None
2166,None
2167,A
2168,None
2169,None
2170,None
2171,A
2172,None
2173,None
2174,None
2175,None
2176,None
2177,None
2178,None
2179,B
2180,None
2181,None
2182,None
2183,A
2184,None
2185,None
2186,A
2187,None
2188,None
2189,None
2190,None
2191,None
2192,None
2193,A
2194,None
2195,A
2196,None
2197,A
2198,None
2199,None
2200,None
2201,None
2202,None
2203,None
2204,None
2205,None
2206,None
2207,A
2208,None
2209,A
2210,None
2211,None
2212,None
2213,None
2214,None
2215,None
2216,None
2217,None
2218,None
2219,None
2220,None
2221,None
2222,None
2223,None
2224,None
2225,None
2226,A
2227,None
2228,None
2229,None
2230,None
2231,None
2232,A
2233,A
2234,None
2235,None
2236,None
2237,None
2238,None
2239,None
2240,None
2241,None
2242,None
2243,None
2244,None
2245,None
2246,None
2247,A
2248,None
2249,None
2250,None
2251,None
2252,None
2253,None
2254,None
2255,None
2256,A
2257,None
2258,None
2259,None
2260,None
2261,None
2262,A
2263,None
2264,None
2265,A
2266,None
2267,None
2268,A
2269,None
2270,None
2271,None
2272,None
2273,A
2274,None
2275,A
2276,None
2277,None
2278,None
2279,None
2280,None
2281,None
2282,None
2283,None
2284,None
2285,None
2286,A
2287,None
2288,None
2289,None
2290,None
2291,None
2292,None
2293,None
2294,None
2295,None
2296,None
2297,A
2298,None
2299,None
2300,None
2301,None
2302,None
2303,None
2304,None
2305,None
2306,None
2307,None
2308,A
2309,None
2310,None
2311,None
2312,None
2313,None
2314,None
2315,None
2316,A
2317,None
2318,None
2319,A
2320,A
2321,A
2322,None
2323,None
2324,None
2325,A
2326,None
2327,None
2328,None
2329,None
2330,None
2331,None
2332,None
2333,A
2334,None
2335,A
2336,None
2337,A
2338,None
2339,None
2340,None
2341,None
2342,None
2343,A
2344,None
2345,None
2346,None
2347,A
2348,None
2349,None
2350,None
2351,A
2352,None
2353,None
2354,None
2355,None
2356,None
2357,None
2358,None
2359,None
2360,None
2361,A
2362,None
2363,None
2364,B
2365,None
2366,None
2367,A
2368,None
2369,None
2370,None
2371,A
2372,None
2373,None
2374,None
2375,None
2376,None
2377,None
2378,None
2379,None
2380,None
2381,None
2382,None
2383,A
2384,None
2385,None
2386,None
2387,None
2388,None
2389,None
2390,None
2391,None
2392,None
2393,None
2394,None
2395,None
2396,A
2397,A
2398,None
2399,None
2400,None
2401,None
2402,None
2403,None
2404,None
2405,None
2406,None
2407,None
2408,None
2409,A
2410,None
2411,None
2412,None
2413,None
2414,None
2415,None
2416,None
2417,None
2418,None
2419,None
2420,None
2421,A
2422,None
2423,None
2424,None
2425,None
2426,None
2427,None
2428,None
2429,None
2430,None
2431,A
2432,None
2433,A
2434,None
2435,A
2436,None
2437,None
2438,A
2439,None
2440,None
2441,None
2442,None
2443,None
2444,None
2445,None
2446,None
2447,None
2448,None
2449,None
2450,None
2451,None
2452,None
2453,A
2454,None
2455,None
2456,None
2457,None
2458,None
2459,None
2460,None
2461,A
2462,None
2463,None
2464,A
2465,B
2466,A
2467,A
2468,None
2469,None
2470,None
2471,A
2472,None
2473,None
2474,A
2475,None
2476,A
2477,None
2478,A
2479,None
2480,A
2481,None
2482,None
2483,None
2484,None
2485,None
2486,None
2487,None
2488,None
2489,None
2490,A
2491,None
2492,None
2493,None
2494,None
2495,A
2496,None
2497,None
2498,None
2499,A
2500,A
2501,None
2502,None
2503,None
2504,None
2505,A
2506,None
2507,None
2508,None
2509,None
2510,A
2511,None
2512,None
2513,None
2514,None
2515,None
2516,None
2517,A
2518,None
2519,None
2520,None
2521,None
2522,None
2523,A
2524,None
2525,None
2526,None
2527,None
2528,None
2529,None
2530,None
2531,None
2532,None
2533,None
2534,None
2535,None
2536,None
2537,None
2538,None
2539,None
2540,None
2541,None
2542,None
2543,None
2544,None
2545,None
2546,None
2547,A
2548,None
2549,None
2550,None
2551,None
2552,A
2553,None
2554,None
2555,None
2556,None
2557,None
2558,None
2559,None
2560,None
2561,None
2562,None
2563,None
2564,None
2565,A
2566,None
2567,None
2568,None
2569,None
2570,None
2571,None
2572,None
2573,None
2574,B
2575,A
2576,None
2577,A
2578,A
2579,None
2580,None
2581,None
2582,None
2583,None
2584,A
2585,A
2586,A
2587,None
2588,None
2589,None
2590,None
2591,None
2592,None
2593,None
2594,None
2595,None
2596,A
2597,None
2598,A
2599,None
2600,None
2601,None
2602,None
2603,None
2604,None
2605,None
2606,None
2607,None
2608,None
2609,A
2610,A
2611,None
2612,None
2613,None
2614,None
2615,None
2616,None
2617,None
2618,None
2619,None
2620,None
2621,None
2622,None
2623,None
2624,B
2625,None
2626,None
2627,None
2628,None
2629,None
2630,None
2631,None
2632,None
2633,None
2634,A
2635,None
2636,None
2637,A
2638,None
2639,None
2640,None
2641,None
2642,A
2643,A
2644,None
2645,None
2646,A
2647,None
2648,None
2649,None
2650,None
2651,A
2652,None
2653,None
2654,None
2655,None
2656,A
2657,None
2658,None
2659,None
2660,None
2661,None
2662,None
2663,None
2664,None
2665,None
2666,A
2667,A
2668,None
2669,None
2670,None
2671,None
2672,None
2673,None
2674,None
2675,None
2676,None
2677,None
2678,None
2679,None
2680,None
2681,None
2682,None
2683,None
2684,None
2685,None
2686,A
2687,None
2688,None
2689,None
2690,None
2691,None
2692,None
2693,None
2694,None
2695,None
2696,None
2697,None
2698,None
2699,A
2700,None
2701,None
2702,None
2703,None
2704,B
2705,None
2706,A
2707,None
2708,None
2709,None
2710,None
2711,None
2712,None
2713,None
2714,None
2715,A
2716,None
2717,None
2718,None
2719,None
2720,A
2721,None
2722,None
2723,None
2724,None
2725,A
2726,A
2727,None
2728,None
2729,None
2730,None
2731,None
2732,None
2733,None
2734,None
2735,None
2736,None
2737,None
2738,A
2739,None
2740,None
2741,None
2742,None
2743,None
2744,A
2745,None
2746,None
2747,A
2748,None
2749,B
2750,A
2751,None
2752,None
2753,A
2754,None
2755,None
2756,None
2757,None
2758,None
2759,None
2760,None
2761,None
2762,A
2763,None
2764,None
2765,None
2766,None
2767,None
2768,None
2769,None
2770,None
2771,None
2772,None
2773,None
2774,None
2775,None
2776,None
2777,None
2778,B
2779,None
2780,None
2781,None
2782,None
2783,A
2784,None
2785,None
2786,None
2787,None
2788,None
2789,None
2790,A
2791,None
2792,None
2793,None
2794,None
2795,A
2796,None
2797,None
2798,None
2799,A
2800,A
2801,None
2802,None
2803,None
2804,None
2805,None
2806,None
2807,None
2808,None
2809,None
2810,None
2811,None
2812,A
2813,None
2814,None
2815,None
2816,None
2817,None
2818,None
2819,None
2820,None
2821,A
2822,A
2823,None
2824,None
2825,None
2826,None
2827,None
2828,A
2829,None
2830,None
2831,None
2832,None
2833,None
2834,None
2835,A
2836,None
2837,None
2838,None
2839,None
2840,None
2841,A
2842,A
2843,None
2844,None
2845,A
2846,None
2847,None
2848,A
2849,None
2850,None
2851,None
2852,None
2853,None
2854,None
2855,None
2856,None
2857,None
2858,None
2859,None
2860,None
2861,None
2862,None
2863,None
2864,None
2865,None
2866,None
2867,None
2868,None
2869,None
2870,None
2871,None
2872,None
2873,None
2874,None
2875,A
2876,None
2877,None
2878,None
2879,None
2880,A
2881,A
2882,A
2883,None
2884,None
2885,None
2886,A
2887,A
2888,None
2889,None
2890,None
2891,None
2892,A
2893,None
2894,A
2895,None
2896,None
2897,None
2898,None
2899,None
2900,None
2901,None
2902,None
2903,None
2904,A
2905,A
2906,None
2907,A
2908,A
2909,None
2910,None
2911,None
2912,None
2913,None
2914,None
2915,A
2916,A
2917,None
2918,None
2919,None
2920,None
2921,None
2922,A
2923,None
2924,A
2925,None
2926,A
2927,None
2928,None
2929,None
2930,None
2931,None
2932,None
2933,None
2934,None
2935,None
2936,None
2937,None
2938,None
2939,None
2940,None
2941,None
2942,A
2943,None
2944,None
2945,None
2946,A
2947,None
2948,None
2949,None
2950,None
2951,None
2952,None
2953,A
2954,None
2955,None
2956,None
2957,None
2958,None
2959,None
2960,None
2961,A
2962,A
2963,A
2964,None
2965,A
2966,None
2967,None
2968,None
2969,B
2970,None
2971,None
2972,None
2973,None
2974,None
2975,A
2976,A
2977,None
2978,None
2979,A
2980,None
2981,None
2982,None
2983,None
2984,None
2985,None
2986,A
2987,A
2988,None
2989,None
2990,A
2991,None
2992,None
2993,A
2994,None
2995,None
2996,None
2997,A
2998,None
2999,None
3000,None
3001,None
3002,None
3003,None
3004,None
3005,None
3006,None
3007,None
3008,None
3009,None
3010,A
3011,A
3012,A
3013,None
3014,A
3015,None
3016,A
3017,None
3018,None
3019,A
3020,None
3021,None
3022,None
3023,None
3024,A
3025,None
3026,None
3027,None
3028,None
3029,None
3030,None
3031,A
3032,None
3033,None
3034,None
3035,None
3036,None
3037,None
3038,A
3039,None
3040,None
3041,None
3042,None
3043,None
3044,None
3045,A
3046,A
3047,None
3048,None
3049,None
3050,None
3051,None
3052,None
3053,None
3054,None
3055,None
3056,None
3057,None
3058,None
3059,None
3060,None
3061,None
3062,None
3063,None
3064,None
3065,None
3066,None
3067,None
3068,None
3069,None
3070,None
3071,None
3072,None
3073,None
3074,None
3075,None
3076,A
3077,A
3078,A
3079,None
3080,None
3081,None
3082,None
3083,None
3084,None
3085,None
3086,None
3087,None
3088,None
3089,None
3090,None
3091,None
3092,None
3093,None
3094,None
3095,A
3096,None
3097,None
3098,None
3099,None
3100,None
3101,A
3102,None
3103,None
3104,None
3105,None
3106,None
3107,None
3108,A
3109,None
3110,A
3111,None
3112,None
3113,None
3114,None
3115,None
3116,None
3117,None
3118,None
3119,None
3120,None
3121,None
3122,None
3123,None
3124,None
3125,None
3126,None
3127,None
3128,None
3129,A
3130,A
3131,None
3132,None
3133,None
3134,None
3135,None
3136,A
3137,None
3138,None
3139,None
3140,A
3141,None
3142,A
3143,None
3144,A
3145,None
3146,None
3147,None
3148,None
3149,None
3150,None
3151,None
3152,None
3153,None
3154,None
3155,None
3156,None
3157,None
3158,None
3159,None
3160,None
3161,None
3162,None
3163,None
3164,B
3165,None
3166,None
3167,None
3168,A
3169,None
3170,A
3171,None
3172,None
3173,None
3174,None
3175,None
3176,None
3177,None
3178,None
3179,A
3180,None
3181,None
3182,A
3183,A
3184,None
3185,None
3186,None
3187,None
3188,None
3189,None
3190,None
3191,None
3192,None
3193,None
3194,None
3195,None
3196,None
3197,A
3198,A
3199,None
3200,None
3201,None
3202,None
3203,None
3204,A
3205,None
3206,None
3207,None
3208,None
3209,None
3210,None
3211,None
3212,None
3213,A
3214,None
3215,None
3216,None
3217,None
3218,None
3219,None
3220,None
3221,None
3222,None
3223,None
3224,None
3225,None
3226,None
3227,None
3228,None
3229,None
3230,None
3231,None
3232,None
3233,None
3234,None
3235,None
3236,None
3237,None
3238,None
3239,None
3240,None
3241,A
3242,None
3243,None
3244,None
3245,None
3246,None
3247,None
3248,A
3249,None
3250,A
3251,None
3252,None
3253,None
3254,None
3255,None
3256,None
3257,None
3258,None
3259,None
3260,None
3261,None
3262,A
3263,None
3264,None
3265,None
3266,None
3267,None
3268,None
3269,None
3270,None
3271,None
3272,None
3273,None
3274,None
3275,None
3276,None
3277,None
3278,A
3279,None
3280,None
3281,A
3282,None
3283,None
3284,None
3285,A
3286,None
3287,None
3288,None
3289,A
3290,None
3291,None
3292,None
3293,A
3294,None
3295,None
3296,None
3297,None
3298,A
3299,None
3300,A
3301,None
3302,None
3303,None
3304,None
3305,None
3306,None
3307,None
3308,A
3309,A
3310,None
3311,None
3312,None
3313,None
3314,None
3315,None
3316,None
3317,None
3318,None
3319,None
3320,None
3321,A
3322,A
3323,None
3324,None
3325,None
3326,None
3327,None
3328,None
3329,None
3330,None
3331,None
3332,A
3333,None
3334,None
3335,None
3336,None
3337,None
3338,None
3339,None
3340,None
3341,None
3342,A
3343,A
3344,None
3345,None
3346,None
3347,None
3348,A
3349,None
3350,None
3351,None
3352,None
3353,None
3354,None
3355,None
3356,A
3357,None
3358,None
3359,B
3360,None
3361,A
3362,None
3363,None
3364,None
3365,None
3366,None
3367,None
3368,None
3369,None
3370,None
3371,None
3372,A
3373,None
3374,None
3375,None
3376,A
3377,None
3378,None
3379,B
3380,None
3381,None
3382,None
3383,None
3384,A
3385,None
3386,None
3387,A
3388,A
3389,None
3390,None
3391,None
3392,None
3393,None
3394,None
3395,None
3396,B
3397,None
3398,None
3399,None
3400,None
3401,None
3402,None
3403,None
3404,None
3405,None
3406,A
3407,None
3408,None
3409,None
3410,A
3411,A
3412,None
3413,A
3414,None
3415,None
3416,None
3417,A
3418,None
3419,None
3420,None
3421,None
3422,None
3423,None
3424,None
3425,None
3426,None
3427,None
3428,None
3429,A
3430,None
3431,None
3432,None
3433,A
3434,None
3435,None
3436,None
3437,None
3438,A
3439,None
3440,None
3441,None
3442,None
3443,None
3444,None
3445,A
3446,None
3447,None
3448,None
3449,None
3450,A
3451,None
3452,None
3453,None
3454,None
3455,None
3456,None
3457,None
3458,None
3459,None
3460,None
3461,A
3462,None
3463,None
3464,None
3465,A
3466,None
3467,None
3468,None
3469,A
3470,None
3471,None
3472,A
3473,None
3474,None
3475,None
3476,None
3477,None
3478,A
3479,None
3480,None
3481,None
3482,None
3483,None
3484,None
3485,A
3486,None
3487,None
3488,None
3489,A
3490,A
3491,A
3492,None
3493,None
3494,None
3495,None
3496,None
3497,None
3498,None
3499,None
3500,None
3501,None
3502,None
3503,None
3504,None
3505,None
3506,None
3507,None
3508,None
3509,None
3510,None
3511,A
3512,None
3513,None
3514,None
3515,A
3516,None
3517,None
3518,A
3519,A
3520,None
3521,None
3522,None
3523,None
3524,None
3525,None
3526,A
3527,None
3528,None
3529,None
3530,None
3531,None
3532,A
3533,None
3534,A
3535,A
3536,A
3537,None
3538,None
3539,None
3540,A
3541,None
3542,None
3543,None
3544,None
3545,None
3546,None
3547,A
3548,None
3549,None
3550,None
3551,None
3552,None
3553,None
3554,None
3555,None
3556,None
3557,None
3558,None
3559,None
3560,None
3561,None
3562,None
3563,None
3564,None
3565,None
3566,None
3567,None
3568,None
3569,None
3570,None
3571,None
3572,None
3573,None
3574,None
3575,None
3576,None
3577,None
3578,None
3579,None
3580,None
3581,None
3582,None
3583,A
3584,None
3585,None
3586,None
3587,None
3588,None
3589,None
3590,A
3591,None
3592,A
3593,None
3594,A
3595,None
3596,None
3597,None
3598,None
3599,None
3600,A
3601,None
3602,A
3603,None
3604,None
3605,None
3606,None
3607,None
3608,None
3609,A
3610,None
3611,None
3612,None
3613,None
3614,None
3615,B
3616,None
3617,None
3618,None
3619,None
3620,A
3621,None
3622,None
3623,A
3624,None
3625,A
3626,A
3627,None
3628,A
3629,A
3630,None
3631,None
3632,None
3633,None
3634,None
3635,A
3636,None
3637,None
3638,None
3639,None
3640,None
3641,None
3642,None
3643,None
3644,A
3645,None
3646,None
3647,None
3648,None
3649,None
3650,None
3651,None
3652,None
3653,A
3654,None
3655,None
3656,None
3657,None
3658,None
3659,A
3660,None
3661,None
3662,None
3663,A
3664,None
3665,None
3666,None
3667,None
3668,None
3669,A
3670,None
3671,A
3672,None
3673,None
3674,None
3675,A
3676,None
3677,A
3678,A
3679,None
3680,None
3681,None
3682,None
3683,None
3684,None
3685,None
3686,None
3687,None
3688,A
3689,None
3690,None
3691,None
3692,None
3693,None
3694,A
3695,None
3696,None
3697,None
3698,None
3699,A
3700,A
3701,None
3702,A
3703,None
3704,None
3705,None
3706,None
3707,None
3708,None
3709,None
3710,None
3711,None
3712,None
3713,A
3714,None
3715,A
3716,None
3717,A
3718,A
3719,A
3720,None
3721,None
3722,None
3723,None
3724,None
3725,None
3726,None
3727,None
3728,None
3729,B
3730,None
3731,None
3732,A
3733,A
3734,None
3735,A
3736,None
3737,None
3738,None
3739,None
3740,None
3741,None
3742,None
3743,None
3744,None
3745,None
3746,B
3747,None
3748,None
3749,None
3750,A
3751,A
3752,A
3753,None
3754,None
3755,A
3756,None
3757,A
3758,None
3759,None
3760,None
3761,None
3762,None
3763,None
3764,None
3765,None
3766,None
3767,None
3768,None
3769,A
3770,None
3771,None
3772,B
3773,None
3774,None
3775,None
3776,None
3777,None
3778,None
3779,None
3780,None
3781,None
3782,None
3783,None
3784,None
3785,None
3786,A
3787,None
3788,None
3789,None
3790,None
3791,None
3792,None
3793,A
3794,None
3795,None
3796,None
3797,A
3798,None
3799,None
3800,None
3801,None
3802,None
3803,None
3804,None
3805,A
3806,None
3807,None
3808,None
3809,None
3810,A
3811,None
3812,None
3813,None
3814,None
3815,None
3816,None
3817,None
3818,None
3819,None
3820,None
3821,A
3822,None
3823,None
3824,None
3825,A
3826,None
3827,None
3828,None
3829,None
3830,None
3831,None
3832,A
3833,A
3834,None
3835,None
3836,None
3837,None
3838,None
3839,None
3840,None
3841,None
3842,None
3843,None
3844,None
3845,None
3846,None
3847,None
3848,None
3849,None
3850,None
3851,None
3852,None
3853,None
3854,None
3855,A
3856,A
3857,None
3858,None
3859,None
3860,A
3861,None
3862,None
3863,None
3864,None
3865,None
3866,None
3867,None
3868,None
3869,None
3870,None
3871,None
3872,None
3873,None
3874,None
3875,None
3876,A
3877,A
3878,None
3879,None
3880,None
3881,None
3882,None
3883,None
3884,None
3885,None
3886,None
3887,None
3888,None
3889,None
3890,None
3891,None
3892,None
3893,None
3894,None
3895,A
3896,A
3897,A
3898,None
3899,None
3900,None
3901,None
3902,A
3903,None
3904,None
3905,None
3906,None
3907,None
3908,None
3909,None
3910,None
3911,None
3912,None
3913,None
3914,None
3915,None
3916,None
3917,A
3918,None
3919,None
3920,None
3921,None
3922,None
3923,None
3924,None
3925,A
3926,None
3927,None
3928,None
3929,A
3930,B
3931,None
3932,None
3933,None
3934,None
3935,None
3936,A
3937,None
3938,None
3939,None
3940,None
3941,None
3942,A
3943,None
3944,None
3945,None
3946,None
3947,None
3948,None
3949,None
3950,None
3951,None
3952,None
3953,A
3954,A
3955,None
3956,A
3957,None
3958,None
3959,None
3960,None
3961,None
3962,None
3963,None
3964,None
3965,None
3966,A
3967,A
3968,None
3969,None
3970,None
3971,None
3972,None
3973,None
3974,None
3975,None
3976,None
3977,A
3978,None
3979,A
3980,None
3981,None
3982,None
3983,None
3984,None
3985,None
3986,A
3987,None
3988,None
3989,None
3990,None
3991,None
3992,None
3993,None
3994,None
3995,None
3996,None
3997,None
3998,None
3999,None
4000,None
4001,None
4002,None
4003,None
4004,None
4005,None
4006,None
4007,None
4008,None
4009,None
4010,None
4011,A
4012,None
4013,None
4014,None
4015,None
4016,A
4017,None
4018,None
4019,None
4020,None
4021,A
4022,None
4023,None
4024,None
4025,None
4026,A
4027,None
4028,None
4029,None
4030,None
4031,None
4032,None
4033,None
4034,None
4035,A
4036,A
4037,A
4038,None
4039,None
4040,None
4041,None
4042,None
4043,None
4044,A
4045,None
4046,None
4047,None
4048,None
4049,None
4050,None
4051,None
4052,None
4053,None
4054,None
4055,None
4056,None
4057,None
4058,None
4059,None
4060,A
4061,None
4062,None
4063,None
4064,None
4065,None
4066,None
4067,None
4068,None
4069,None
4070,None
4071,A
4072,A
4073,None
4074,None
4075,A
4076,None
4077,None
4078,A
4079,None
4080,None
4081,None
4082,None
4083,None
4084,None
4085,A
4086,None
4087,None
4088,None
4089,None
4090,None
4091,None
4092,None
4093,None
4094,None
4095,A
4096,None
4097,None
4098,None
4099,None
4100,None
4101,None
4102,None
4103,None
4104,None
4105,None
4106,None
4107,None
4108,A
4109,None
4110,None
4111,None
4112,None
4113,None
4114,None
4115,None
4116,None
4117,None
4118,None
4119,None
4120,None
4121,None
4122,A
4123,None
4124,None
4125,None
4126,None
4127,None
4128,None
4129,None
4130,None
4131,None
4132,None
4133,A
4134,None
4135,None
4136,None
4137,A
4138,None
4139,None
4140,None
4141,None
4142,None
4143,None
4144,A
4145,A
4146,None
4147,None
4148,A
4149,None
4150,None
4151,None
4152,A
4153,None
4154,None
4155,A
4156,None
4157,A
4158,None
4159,None
4160,None
4161,None
4162,None
4163,None
4164,None
4165,None
4166,None
4167,None
4168,None
4169,None
4170,None
4171,None
4172,A
4173,None
4174,None
4175,None
4176,None
4177,B
4178,None
4179,None
4180,None
4181,None
4182,None
4183,None
4184,A
4185,None
4186,None
4187,None
4188,A
4189,None
4190,None
4191,None
4192,None
4193,A
4194,None
4195,None
4196,None
4197,None
4198,None
4199,None
4200,None
4201,None
4202,None
4203,None
4204,None
4205,None
4206,A
4207,A
4208,None
4209,None
4210,A
4211,None
4212,None
4213,None
4214,None
4215,A
4216,A
4217,None
4218,None
4219,A
4220,None
4221,None
4222,None
4223,None
4224,A
4225,None
4226,None
4227,None
4228,None
4229,None
4230,A
4231,A
4232,None
4233,None
4234,A
4235,None
4236,None
4237,None
4238,A
4239,None
4240,None
4241,A
4242,None
4243,None
4244,None
4245,None
4246,None
4247,None
4248,None
4249,None
4250,A
4251,None
4252,A
4253,None
4254,None
4255,None
4256,A
4257,None
4258,None
4259,A
4260,A
4261,None
4262,None
4263,None
4264,None
4265,None
4266,None
4267,None
4268,None
4269,None
4270,None
4271,None
4272,None
4273,None
4274,A
4275,None
4276,None
4277,None
4278,A
4279,None
4280,None
4281,None
4282,A
4283,None
4284,None
4285,None
4286,None
4287,A
4288,None
4289,None
4290,None
4291,None
4292,None
4293,None
4294,None
4295,None
4296,None
4297,None
4298,None
4299,A
4300,None
4301,None
4302,A
4303,None
4304,None
4305,None
4306,None
4307,None
4308,None
4309,None
4310,None
4311,None
4312,None
4313,None
4314,None
4315,None
4316,None
4317,None
4318,None
4319,A
4320,None
4321,A
4322,None
4323,None
4324,A
4325,A
4326,None
4327,None
4328,None
4329,None
4330,None
4331,A
4332,A
4333,None
4334,None
4335,A
4336,None
4337,None
4338,None
4339,None
4340,None
4341,None
4342,None
4343,None
4344,None
4345,None
4346,A
4347,None
4348,None
4349,None
4350,None
4351,None
4352,None
4353,None
4354,None
4355,None
4356,None
4357,None
4358,None
4359,None
4360,None
4361,None
4362,B
4363,None
4364,A
4365,None
4366,A
4367,None
4368,None
4369,A
4370,None
4371,None
4372,None
4373,None
4374,None
4375,A
4376,None
4377,None
4378,A
4379,None
4380,None
4381,None
4382,None
4383,A
4384,None
4385,A
4386,A
4387,None
4388,None
4389,None
4390,A
4391,None
4392,A
4393,None
4394,None
4395,None
4396,None
4397,None
4398,None
4399,None
4400,None
4401,None
4402,A
4403,None
4404,None
4405,None
4406,None
4407,None
4408,None
4409,None
4410,None
4411,None
4412,None
4413,None
4414,A
4415,None
4416,None
4417,None
4418,None
4419,A
4420,None
4421,None
4422,None
4423,None
4424,None
4425,A
4426,A
4427,None
4428,None
4429,None
4430,None
4431,None
4432,None
4433,A
4434,None
4435,None
4436,None
4437,None
4438,None
4439,None
4440,None
4441,A
4442,None
4443,None
4444,None
4445,None
4446,None
4447,A
4448,None
4449,None
4450,None
4451,None
4452,A
4453,None
4454,None
4455,A
4456,None
4457,A
4458,None
4459,None
4460,None
4461,A
4462,None
4463,None
4464,None
4465,None
4466,None
4467,None
4468,None
4469,None
4470,None
4471,None
4472,None
4473,A
4474,None
4475,None
4476,None
4477,None
4478,A
4479,None
4480,None
4481,A
4482,A
4483,None
4484,None
4485,None
4486,None
4487,None
4488,None
4489,None
4490,A
4491,A
4492,None
4493,None
4494,B
4495,None
4496,None
4497,None
4498,None
4499,A
4500,None
4501,None
4502,None
4503,None
4504,None
4505,A
4506,None
4507,None
4508,A
4509,None
4510,None
4511,None
4512,None
4513,None
4514,None
4515,A
4516,None
4517,None
4518,None
4519,None
4520,None
4521,None
4522,None
4523,A
4524,None
4525,None
4526,None
4527,None
4528,None
4529,None
4530,None
4531,None
4532,None
4533,A
4534,None
4535,None
4536,None
4537,A
4538,A
4539,None
4540,None
4541,None
4542,None
4543,None
4544,None
4545,A
4546,None
4547,None
4548,None
4549,None
4550,None
4551,None
4552,None
4553,A
4554,None
4555,None
4556,None
4557,None
4558,None
4559,None
4560,None
4561,None
4562,None
4563,None
4564,None
4565,None
4566,None
4567,None
4568,None
4569,A
4570,A
4571,None
4572,None
4573,None
4574,None
4575,None
4576,A
4577,None
4578,None
4579,None
4580,None
4581,None
4582,None
4583,None
4584,None
4585,None
4586,None
4587,None
4588,None
4589,None
4590,None
4591,A
4592,None
4593,None
4594,None
4595,None
4596,A
4597,None
4598,None
4599,A
4600,None
4601,None
4602,None
4603,None
4604,A
4605,None
4606,A
4607,None
4608,A
4609,None
4610,None
4611,None
4612,None
4613,None
4614,None
4615,None
4616,None
4617,None
4618,None
4619,None
4620,None
4621,None
4622,A
4623,None
4624,None
4625,A
4626,A
4627,None
4628,None
4629,None
4630,None
4631,A
4632,None
4633,A
4634,A
4635,None
4636,None
4637,None
4638,None
4639,None
4640,None
4641,None
4642,None
4643,None
4644,A
4645,None
4646,None
4647,None
4648,None
4649,None
4650,A
4651,None
4652,None
4653,None
4654,None
4655,None
4656,None
4657,None
4658,None
4659,None
4660,None
4661,None
4662,None
4663,None
4664,None
4665,None
4666,None
4667,None
4668,A
4669,None
4670,None
4671,None
4672,A
4673,None
4674,None
4675,None
4676,A
4677,None
4678,None
4679,A
4680,None
4681,A
4682,None
4683,None
4684,None
4685,None
4686,None
4687,None
4688,A
4689,None
4690,None
4691,None
4692,A
4693,None
4694,None
4695,A
4696,A
4697,None
4698,A
4699,A
4700,A
4701,None
4702,None
4703,None
4704,None
4705,None
4706,None
4707,None
4708,None
4709,None
4710,None
4711,None
4712,None
4713,None
4714,None
4715,None
4716,A
4717,None
4718,None
4719,None
4720,A
4721,None
4722,None
4723,None
4724,None
4725,A
4726,None
4727,None
4728,None
4729,None
4730,None
4731,None
4732,None
4733,None
4734,None
4735,None
4736,A
4737,None
4738,None
4739,None
4740,None
4741,None
4742,None
4743,None
4744,A
4745,None
4746,None
4747,None
4748,None
4749,None
4750,None
4751,None
4752,None
4753,None
4754,None
4755,None
4756,None
4757,None
4758,None
4759,None
4760,None
4761,None
4762,None
4763,None
4764,A
4765,None
4766,None
4767,A
4768,None
4769,A
4770,None
4771,None
4772,None
4773,None
4774,A
4775,None
4776,None
4777,B
4778,None
4779,A
4780,None
4781,A
4782,A
4783,None
4784,None
4785,None
4786,None
4787,None
4788,None
4789,None
4790,None
4791,None
4792,None
4793,None
4794,None
4795,None
4796,None
4797,None
4798,None
4799,None
4800,None
4801,None
4802,None
4803,None
4804,None
4805,None
4806,None
4807,None
4808,None
4809,A
4810,None
4811,B
4812,A
4813,None
4814,None
4815,A
4816,None
4817,None
4818,None
4819,None
4820,None
4821,None
4822,None
4823,None
4824,None
4825,A
4826,None
4827,A
4828,None
4829,None
4830,None
4831,None
4832,A
4833,None
4834,None
4835,None
4836,None
4837,None
4838,None
4839,None
4840,A
4841,None
4842,None
4843,None
4844,None
4845,None
4846,None
4847,A
4848,None
4849,None
4850,None
4851,None
4852,A
4853,A
4854,None
4855,A
4856,None
4857,A
4858,A
4859,None
4860,None
4861,None
4862,None
4863,None
4864,None
4865,None
4866,None
4867,None
4868,None
4869,None
4870,None
4871,None
4872,None
4873,A
4874,A
4875,None
4876,None
4877,A
4878,None
4879,None
4880,None
4881,None
4882,None
4883,None
4884,None
4885,None
4886,None
4887,A
4888,None
4889,None
4890,None
4891,A
4892,None
4893,None
4894,A
4895,None
4896,None
4897,A
4898,A
4899,None
4900,None
4901,A
4902,None
4903,None
4904,None
4905,None
4906,None
4907,A
4908,None
4909,None
4910,A
4911,A
4912,None
4913,None
4914,None
4915,None
4916,None
4917,None
4918,None
4919,None
4920,None
4921,None
4922,None
4923,None
4924,A
4925,None
4926,None
4927,None
4928,None
4929,None
4930,None
4931,None
4932,None
4933,A
4934,None
4935,A
4936,None
4937,None
4938,None
4939,None
4940,None
4941,None
4942,None
4943,None
4944,None
4945,None
4946,None
4947,None
4948,None
4949,None
4950,None
4951,None
4952,None
4953,A
4954,None
4955,None
4956,None
4957,None
4958,None
4959,None
4960,None
4961,None
4962,None
4963,None
4964,None
4965,None
4966,None
4967,None
4968,None
4969,None
4970,None
4971,None
4972,None
4973,None
4974,None
4975,None
4976,None
4977,None
4978,None
4979,None
4980,None
4981,A
4982,None
4983,None
4984,None
4985,None
4986,A
4987,None
4988,None
4989,A
4990,None
4991,None
4992,None
4993,None
4994,A
4995,None
4996,A
4997,None
4998,None
4999,None
5000,A
